"[array([-7.48049095e-02,  1.52180582e-01, -1.47719709e-02, -2.75174975e-02,
       -1.02233820e-01, -6.95122182e-02, -9.21094120e-02, -1.64874077e-01,
        1.45728722e-01, -8.72018859e-02,  2.60868460e-01,  6.46114908e-03,
       -1.91391170e-01, -1.54700294e-01, -3.48429568e-02,  1.82655185e-01,
       -2.83726007e-01, -1.90957218e-01,  2.83215940e-02, -5.84203051e-03,
        1.24373332e-01, -3.39952409e-02, -3.73338442e-03,  3.67028452e-02,
       -1.10880293e-01, -3.34484339e-01, -7.54784048e-02, -7.94350579e-02,
        6.83532804e-02, -5.02754040e-02, -6.37275167e-04,  3.63864228e-02,
       -2.20659718e-01, -5.91368228e-02,  7.21009895e-02,  7.60901570e-02,
        3.54891876e-04, -4.65930589e-02,  2.03450516e-01, -1.14413463e-02,
       -2.00918540e-01,  6.55407161e-02,  1.80409588e-02,  2.55137622e-01,
        1.96888223e-01,  3.03619541e-04,  3.28414291e-02, -1.53034315e-01,
        1.16237968e-01, -1.30661279e-01, -8.71563889e-03,  1.98377118e-01,
        9.18948799e-02,  7.07044601e-02, -5.81489876e-05, -1.49903148e-01,
        5.32334391e-03,  5.58186807e-02, -1.62143171e-01,  7.12326914e-03,
        6.63174838e-02, -8.53861496e-02, -2.11770162e-02, -1.14280023e-01,
        2.47910276e-01,  4.09329049e-02, -1.45278350e-01, -2.15688080e-01,
        1.04665376e-01, -1.50516391e-01, -1.53987676e-01,  3.34386230e-02,
       -1.45614430e-01, -1.50687039e-01, -3.45644742e-01, -2.39355080e-02,
        3.57757151e-01,  8.78951401e-02, -2.49912739e-01,  8.98609161e-02,
       -1.45723084e-02, -3.23629268e-02,  1.03912674e-01,  2.08930030e-01,
        9.36800800e-03,  7.41148815e-02, -7.00506270e-02, -1.37249567e-03,
        2.09640712e-01, -4.56772745e-02, -7.76099563e-02,  2.30781808e-01,
       -4.22807299e-02,  1.35887966e-01,  5.10623753e-02,  1.33688217e-02,
       -3.29846703e-02,  1.11423777e-02, -1.18955679e-01, -2.74625663e-02,
        7.02123810e-03, -3.31463292e-02, -1.28147313e-02,  1.25597879e-01,
       -8.67802203e-02,  9.48216766e-02, -4.97448351e-03,  9.16486308e-02,
       -4.43300866e-02,  2.12007277e-02, -1.10621989e-01, -5.62821105e-02,
        1.05951123e-01, -2.68267274e-01,  3.36026728e-01,  1.91874564e-01,
        4.98035662e-02,  8.99961665e-02,  1.20862067e-01,  4.14359346e-02,
       -1.87880993e-02, -1.27552645e-02, -1.62730321e-01, -4.89794351e-02,
        3.46959308e-02, -4.87031490e-02,  1.12974875e-01, -1.96737479e-02])]","[array([-0.03509896,  0.14481427, -0.00195019, -0.04972437, -0.09527892,
       -0.02347034, -0.08504993, -0.09844414,  0.14630026, -0.10879692,
        0.28721747,  0.05068344, -0.18879776, -0.15718636, -0.02048125,
        0.19811729, -0.25013691, -0.18162207,  0.0216766 , -0.01287736,
        0.14289621, -0.0269759 , -0.03235262,  0.02390525, -0.12270245,
       -0.31920931, -0.06764733, -0.0483345 ,  0.09510467, -0.069795  ,
       -0.02729527,  0.01571416, -0.23987649, -0.05635121,  0.06357333,
        0.04098134,  0.01179286, -0.07110916,  0.20054305,  0.01554374,
       -0.20456772,  0.08944501,  0.00461688,  0.23526935,  0.1720026 ,
       -0.0015102 ,  0.05317493, -0.1655696 ,  0.14382182, -0.12631553,
        0.01489681,  0.19221894,  0.09773469,  0.07280479, -0.02942115,
       -0.15535493,  0.00382775,  0.0927159 , -0.16122504, -0.00800608,
        0.041285  , -0.04903265, -0.00490493, -0.1288079 ,  0.21333823,
        0.01852774, -0.12724823, -0.24929455,  0.10722289, -0.11377377,
       -0.1347809 ,  0.03713004, -0.16400447, -0.13718368, -0.34005818,
        0.0166346 ,  0.34740821,  0.09629351, -0.22043848,  0.10183071,
       -0.04217671, -0.04161268,  0.09088969,  0.16460368,  0.0072112 ,
        0.04870979, -0.04748408,  0.02333431,  0.2457148 , -0.04150358,
       -0.06481557,  0.20764576, -0.03736091,  0.13463511,  0.01910284,
        0.01406073, -0.05565104,  0.04076771, -0.10241452, -0.01633146,
       -0.02071553, -0.03529121, -0.00613016,  0.15576676, -0.13464624,
        0.10670318, -0.00970362,  0.07945649, -0.02899823,  0.04784885,
       -0.13273697, -0.0601249 ,  0.08064655, -0.24648796,  0.33549529,
        0.20366889,  0.09345996,  0.07112742,  0.15536727,  0.03652204,
       -0.00923614, -0.02918894, -0.19927663, -0.04155501,  0.07164306,
       -0.06050756,  0.11711897, -0.02493638])]","[array([-0.06429715,  0.15870292, -0.02626254, -0.04729914, -0.08082312,
       -0.07058355, -0.09467654, -0.1234211 ,  0.1345477 , -0.08868985,
        0.25770369, -0.01294935, -0.21217807, -0.13822025, -0.04021495,
        0.18691464, -0.24495417, -0.18764877,  0.01517444,  0.00914198,
        0.17065999, -0.02911552, -0.01317547,  0.05433135, -0.10790792,
       -0.30959347, -0.08701368, -0.0795015 ,  0.0870063 , -0.05456687,
       -0.01692196, -0.00842922, -0.21662435, -0.05022261,  0.06440686,
        0.03276143,  0.03587391, -0.08237083,  0.20838708, -0.01818195,
       -0.23410469,  0.08135104,  0.02424466,  0.22468288,  0.16134351,
        0.01295902,  0.04893886, -0.17963794,  0.11281195, -0.09542862,
        0.01721656,  0.1949387 ,  0.10495739,  0.05875546, -0.0122368 ,
       -0.17815858,  0.01821096,  0.09679899, -0.16923049, -0.00489096,
        0.06484374, -0.03792167,  0.00366641, -0.12810475,  0.24110073,
        0.02951748, -0.13713883, -0.23367378,  0.12977539, -0.1440708 ,
       -0.11899061,  0.05896727, -0.1621052 , -0.1428649 , -0.32234359,
       -0.01305872,  0.33772999,  0.10142022, -0.22459225,  0.11502124,
       -0.04262282, -0.00932765,  0.10103291,  0.17372486, -0.00828023,
        0.06104641, -0.06448714, -0.01689632,  0.23860182, -0.04009755,
       -0.06422548,  0.20832242, -0.02778804,  0.11366694,  0.03730538,
       -0.01366333, -0.04637232,  0.00499033, -0.08879513, -0.00467138,
       -0.03482443, -0.0488693 , -0.02733861,  0.13817307, -0.11906215,
        0.06048075,  0.00107952,  0.07056666, -0.05550019,  0.0679852 ,
       -0.11054103, -0.0704691 ,  0.08983777, -0.2544533 ,  0.3294287 ,
        0.18249349,  0.0975699 ,  0.07357703,  0.13924183,  0.06694798,
       -0.01305269, -0.02300807, -0.19308811, -0.03797199,  0.08156974,
       -0.0605966 ,  0.13449183, -0.01578451])]","[array([-0.05918171,  0.14336693, -0.02921611, -0.04578017, -0.08186907,
       -0.08056141, -0.09535976, -0.12497215,  0.13231003, -0.08858323,
        0.27517051, -0.02627747, -0.19465944, -0.14516032, -0.03627649,
        0.18976057, -0.23835847, -0.18798634,  0.01431524,  0.01216224,
        0.15834941, -0.037097  , -0.00903986,  0.06364114, -0.10969637,
       -0.31192467, -0.09507838, -0.07978354,  0.09468201, -0.06464017,
       -0.0205188 , -0.01301881, -0.22305416, -0.05848546,  0.06383281,
        0.03750139,  0.02953773, -0.09647703,  0.21813142, -0.02447061,
       -0.23549549,  0.08285052,  0.01695402,  0.23669569,  0.16378196,
       -0.00151202,  0.05250474, -0.18055643,  0.11153069, -0.09592152,
        0.01662168,  0.19015658,  0.10718293,  0.05244013, -0.02605151,
       -0.16304971,  0.01787365,  0.10181881, -0.16770458, -0.00716249,
        0.06632207, -0.0355664 ,  0.00905633, -0.13381633,  0.24737132,
        0.02749551, -0.1390485 , -0.22868046,  0.1257593 , -0.14236172,
       -0.10535102,  0.05991108, -0.16588429, -0.15325081, -0.33145615,
       -0.01590477,  0.35062477,  0.09732079, -0.23249766,  0.119209  ,
       -0.05449196, -0.00674111,  0.10065976,  0.17891032,  0.00610376,
        0.06635945, -0.07526415, -0.00601311,  0.24449942, -0.05497763,
       -0.0605558 ,  0.20391098, -0.02696076,  0.11312299,  0.04007389,
       -0.00902411, -0.04511022,  0.00529057, -0.08253659,  0.0053016 ,
       -0.03784699, -0.03905532, -0.02145164,  0.13837607, -0.11619247,
        0.07258777,  0.0112405 ,  0.06840833, -0.04766954,  0.066796  ,
       -0.10011475, -0.08615525,  0.0893438 , -0.25751814,  0.31332251,
        0.17805146,  0.099145  ,  0.08315255,  0.13073033,  0.07472511,
       -0.02283477, -0.01948227, -0.19242322, -0.02282111,  0.06605946,
       -0.04980182,  0.13968755, -0.01163252])]","[array([-0.06497146,  0.14945352, -0.01056341, -0.05282874, -0.0904099 ,
       -0.06484271, -0.10977497, -0.11302599,  0.13214804, -0.09456757,
        0.26541823, -0.00813229, -0.19994229, -0.13438062, -0.03947459,
        0.19821312, -0.23825794, -0.1958884 ,  0.0208228 ,  0.01200544,
        0.1712763 , -0.02881566, -0.0187782 ,  0.04470581, -0.12828544,
       -0.32220584, -0.09102459, -0.05686031,  0.07822589, -0.06623951,
       -0.01405884, -0.00737497, -0.22215274, -0.02677404,  0.05248588,
        0.05929126,  0.03872705, -0.09285713,  0.20748085, -0.0046346 ,
       -0.24224128,  0.08872417,  0.01053483,  0.23339649,  0.1825965 ,
       -0.00889436,  0.06083526, -0.17808777,  0.11875727, -0.09968742,
        0.00172101,  0.20110914,  0.09639192,  0.06201588, -0.02899029,
       -0.14774796,  0.01434321,  0.10674918, -0.16963689, -0.01636074,
        0.06379763, -0.0402522 ,  0.00454455, -0.14379019,  0.23676927,
        0.02984499, -0.14885914, -0.23359179,  0.12084459, -0.14339423,
       -0.12318484,  0.0514418 , -0.16777527, -0.14746027, -0.33545032,
       -0.01553948,  0.34529391,  0.09366351, -0.23854634,  0.11939099,
       -0.04074067, -0.01222166,  0.09499145,  0.18120982,  0.00423845,
        0.07490686, -0.07512852,  0.00242477,  0.2577734 , -0.0465465 ,
       -0.04774345,  0.21168764, -0.02327574,  0.12176205,  0.03585002,
        0.01387324, -0.0474637 ,  0.01059067, -0.08024797, -0.00208672,
       -0.03671131, -0.04766222, -0.01928832,  0.13631101, -0.11360364,
        0.09636466,  0.00265179,  0.08270384, -0.05114018,  0.06311624,
       -0.10104658, -0.07293765,  0.09416856, -0.25077355,  0.30584845,
        0.18562354,  0.08157489,  0.07743073,  0.14337695,  0.08547943,
       -0.03544063, -0.01818236, -0.19034319, -0.028498  ,  0.05465519,
       -0.05216025,  0.14021793, -0.0073397 ])]","[array([-0.06301585,  0.14954346, -0.01666336, -0.04085604, -0.09558114,
       -0.06421117, -0.10213391, -0.11392162,  0.1377223 , -0.09724211,
        0.26148677, -0.00809684, -0.19287512, -0.13442235, -0.03490373,
        0.19769135, -0.23183969, -0.19402871,  0.02125859,  0.01176314,
        0.15830931, -0.03014724, -0.01724515,  0.04558042, -0.11043382,
       -0.3154918 , -0.08666389, -0.06089019,  0.08785553, -0.07580475,
       -0.01317266,  0.00563417, -0.22040352, -0.04823474,  0.06147107,
        0.06801948,  0.02550397, -0.08705616,  0.20313802, -0.01298528,
       -0.23749106,  0.07648621,  0.01153451,  0.24805307,  0.17472742,
       -0.0047693 ,  0.04930816, -0.17691104,  0.10949378, -0.10136431,
        0.01440016,  0.19016142,  0.0977997 ,  0.06471507, -0.01733686,
       -0.16277337,  0.02152064,  0.09967206, -0.1639967 , -0.01183972,
        0.06668234, -0.03052607,  0.01602839, -0.13627012,  0.24206054,
        0.02705259, -0.13709965, -0.23102878,  0.11737958, -0.13946091,
       -0.11923543,  0.05622091, -0.16792573, -0.14955962, -0.33775803,
       -0.01820796,  0.35105583,  0.09839331, -0.23064341,  0.10919891,
       -0.03048035, -0.01845028,  0.10067733,  0.18352896,  0.00334041,
        0.06873892, -0.06993459,  0.00210789,  0.24612658, -0.04345322,
       -0.06540543,  0.19700721, -0.03026468,  0.10950702,  0.0357267 ,
        0.0033761 , -0.04208629,  0.0153    , -0.09841501, -0.01609895,
       -0.03810642, -0.04930893, -0.02366723,  0.14917895, -0.11491576,
        0.08669563,  0.00824826,  0.08201074, -0.05171236,  0.06787414,
       -0.11423059, -0.06961379,  0.09969396, -0.24813391,  0.3152146 ,
        0.18857186,  0.08746764,  0.07505646,  0.1424773 ,  0.07864456,
       -0.02264943, -0.02066203, -0.18852267, -0.02337508,  0.05473025,
       -0.04927178,  0.13566697, -0.00568319])]","[array([-7.03971386e-02,  1.24365151e-01, -1.79857966e-02, -3.81284356e-02,
       -9.11983475e-02, -5.54740950e-02, -1.04498208e-01, -1.18482515e-01,
        1.52933002e-01, -9.70636755e-02,  2.62684286e-01, -8.03597458e-03,
       -1.98654100e-01, -1.51909336e-01, -3.25899199e-02,  2.04016805e-01,
       -2.42002830e-01, -1.97529688e-01,  2.72427611e-02,  2.33856495e-02,
        1.61903381e-01, -2.31849346e-02, -5.77290077e-03,  4.64205444e-02,
       -1.35639414e-01, -3.40168744e-01, -9.54350755e-02, -7.88516104e-02,
        6.70476034e-02, -6.78327829e-02, -1.99037567e-02,  6.71890005e-03,
       -2.36792803e-01, -3.97812016e-02,  4.93677966e-02,  6.13485724e-02,
        3.29888687e-02, -8.04183930e-02,  2.05182791e-01, -2.00198032e-04,
       -2.45174140e-01,  6.97050467e-02, -4.36507817e-03,  2.20412672e-01,
        1.63240045e-01,  3.10046179e-03,  4.61405143e-02, -1.71174511e-01,
        1.02055490e-01, -1.08213440e-01,  1.99787468e-02,  1.93471000e-01,
        8.75865594e-02,  5.06360717e-02,  4.51200642e-04, -1.53858513e-01,
        3.47347558e-03,  8.37719515e-02, -1.44941285e-01, -1.95588749e-02,
        4.85596657e-02, -2.57574227e-02,  1.36864884e-02, -1.45574838e-01,
        2.41119638e-01,  2.44320836e-02, -1.29564181e-01, -2.15059265e-01,
        1.29109085e-01, -1.25827685e-01, -1.20750546e-01,  5.09374253e-02,
       -1.62653178e-01, -1.55662119e-01, -3.48947138e-01, -1.79185923e-02,
        3.44625950e-01,  8.38300064e-02, -2.52694696e-01,  1.10173725e-01,
       -3.20148505e-02, -1.89810153e-02,  1.01274662e-01,  1.80846408e-01,
        2.13890728e-02,  8.14047083e-02, -7.35754669e-02, -1.99019909e-03,
        2.43226618e-01, -5.17161638e-02, -4.63597551e-02,  2.13861078e-01,
       -3.91171388e-02,  1.26561970e-01,  4.29807268e-02, -4.19074146e-04,
       -3.28398421e-02,  1.37223778e-02, -8.65280405e-02, -3.72117385e-04,
       -1.18984599e-02, -2.34724004e-02, -2.88674179e-02,  1.43366262e-01,
       -9.93696004e-02,  7.24679977e-02,  7.98978936e-03,  6.41395152e-02,
       -4.67522144e-02,  6.56079501e-02, -1.22503735e-01, -7.99584016e-02,
        9.51263681e-02, -2.51323611e-01,  3.16227287e-01,  1.73369810e-01,
        5.50754629e-02,  8.02854374e-02,  1.28332332e-01,  8.71871337e-02,
       -4.56580967e-02, -1.62301194e-02, -2.02741578e-01, -2.96473838e-02,
        7.30291829e-02, -5.15132509e-02,  1.19289085e-01, -6.99124252e-03])]","[array([-0.0620158 ,  0.13554691, -0.00842253, -0.03005473, -0.09995697,
       -0.06574394, -0.11514676, -0.12068687,  0.14995633, -0.11034729,
        0.24790648, -0.0101749 , -0.19150774, -0.1630505 , -0.04794031,
        0.21810341, -0.24180482, -0.1996602 ,  0.02539092,  0.00512342,
        0.14178534, -0.026088  , -0.00136012,  0.03831546, -0.11226609,
       -0.33326694, -0.08969757, -0.09170619,  0.06824199, -0.06466217,
       -0.01647886, -0.0022183 , -0.22919667, -0.04599674,  0.04280803,
        0.04737744,  0.02155767, -0.07927662,  0.20834203, -0.01182228,
       -0.23885731,  0.04971109,  0.00252301,  0.21944791,  0.15490836,
        0.01270406,  0.05075855, -0.16825259,  0.10999851, -0.09538017,
        0.03004345,  0.19398402,  0.08595214,  0.051887  ,  0.00586504,
       -0.16489884,  0.00802392,  0.09341455, -0.13443437, -0.01552674,
        0.05877339, -0.01780123,  0.00704729, -0.13914999,  0.257471  ,
        0.01961214, -0.12449878, -0.21055847,  0.14228293, -0.12272546,
       -0.10804609,  0.04072928, -0.16008586, -0.14992449, -0.33604252,
       -0.01965488,  0.33778706,  0.08552264, -0.22532381,  0.10271331,
       -0.03512748, -0.02260497,  0.09616336,  0.18074226,  0.01448194,
        0.0735146 , -0.06269995, -0.01133379,  0.22796966, -0.05800646,
       -0.04348963,  0.19966035, -0.04667547,  0.11143763,  0.02230728,
       -0.02449767, -0.04013633,  0.03375354, -0.08051715,  0.0067664 ,
       -0.01084872, -0.03549111, -0.02994204,  0.12584883, -0.0967265 ,
        0.05712871,  0.01072221,  0.07476193, -0.05123009,  0.06641   ,
       -0.13754883, -0.08299051,  0.10992811, -0.23134413,  0.33233577,
        0.1730931 ,  0.06627213,  0.08856477,  0.14444187,  0.09536558,
       -0.03334519, -0.03444413, -0.20371465, -0.02761995,  0.07664956,
       -0.06038542,  0.11829867,  0.0048176 ])]",[array(0)],"[array([-0.0636123 ,  0.11291181, -0.0205705 , -0.05282318, -0.06464318,
       -0.09005043, -0.09946764, -0.12181015,  0.14728211, -0.11456421,
        0.27223846, -0.04699765, -0.18354394, -0.14968124, -0.02995726,
        0.19169499, -0.23975852, -0.18386909,  0.02868672,  0.01678901,
        0.13437252, -0.0532073 , -0.0312204 ,  0.07071614, -0.11930706,
       -0.30182219, -0.10712548, -0.08995704,  0.09382565, -0.07578905,
       -0.02309546,  0.00724866, -0.21294707, -0.05508111,  0.04816993,
        0.05156592,  0.02525945, -0.07582505,  0.21002075, -0.01164807,
       -0.2433615 ,  0.0511055 ,  0.0021911 ,  0.23619622,  0.15665655,
        0.00370791,  0.04014068, -0.17772481,  0.11260941, -0.09245583,
        0.01627929,  0.19469303,  0.10517807,  0.06589153, -0.01616306,
       -0.15846445,  0.02487121,  0.08945521, -0.17723268, -0.00196426,
        0.05932873, -0.02542977,  0.01106892, -0.11053851,  0.24414016,
        0.03448296, -0.13977477, -0.22584493,  0.15049666, -0.148588  ,
       -0.10348056,  0.06832761, -0.15425433, -0.16277543, -0.33168963,
       -0.02277196,  0.3366937 ,  0.09103737, -0.22556502,  0.12557913,
       -0.04453322, -0.04751801,  0.10452305,  0.20338114,  0.01711506,
        0.07988158, -0.04685037, -0.0100331 ,  0.22044025, -0.05129761,
       -0.03777028,  0.19190113, -0.0394341 ,  0.10780625,  0.03449574,
       -0.00523157, -0.04628421,  0.01944391, -0.07656743, -0.00653407,
       -0.01719621, -0.0277089 , -0.01932845,  0.13583785, -0.11008873,
        0.10230365,  0.02771034,  0.06267136, -0.04509126,  0.07351673,
       -0.0908125 , -0.08860093,  0.09806675, -0.26002029,  0.30358136,
        0.17128463,  0.08789534,  0.07405644,  0.12224402,  0.08062068,
       -0.01526321, -0.02698908, -0.19474228, -0.01490643,  0.05114191,
       -0.05885295,  0.1181683 , -0.01496417])]","[array([-1.14879586e-01,  1.47484034e-01,  1.58299543e-02, -1.43943653e-02,
       -8.74753818e-02, -1.09725498e-01, -7.47099966e-02, -2.05954537e-01,
        1.14741556e-01, -8.65240246e-02,  2.55852520e-01, -6.59233481e-02,
       -2.10476965e-01, -1.25066504e-01, -5.89068756e-02,  1.90218508e-01,
       -2.53241986e-01, -1.59732252e-01,  1.00997277e-04, -2.18991190e-04,
        1.05448157e-01, -4.38683964e-02, -7.05172482e-04,  6.43031597e-02,
       -7.74096549e-02, -3.28171313e-01, -8.34857449e-02, -8.18872377e-02,
        5.66649735e-02, -2.99335718e-02, -1.76018663e-02,  5.84727935e-02,
       -1.84110016e-01, -7.98038319e-02,  6.11440614e-02,  4.51904126e-02,
       -8.68132897e-03, -4.78911400e-02,  1.96561292e-01, -3.89574245e-02,
       -1.91513151e-01,  4.55819592e-02,  5.05570807e-02,  2.56458908e-01,
        1.97114527e-01,  5.22475950e-02,  3.05188131e-02, -1.55793741e-01,
        1.04062408e-01, -1.18554607e-01, -8.27121362e-03,  1.63532466e-01,
        1.11681439e-01,  6.89036250e-02,  1.48530174e-02, -1.85171366e-01,
        1.34566538e-02,  4.80083153e-02, -1.55772597e-01,  2.84836665e-02,
        8.72424543e-02, -8.19149986e-02, -8.59711133e-03, -1.15828723e-01,
        2.71546513e-01,  3.87525335e-02, -1.49248466e-01, -1.55097544e-01,
        1.31370276e-01, -1.48638397e-01, -1.18272595e-01,  2.50617079e-02,
       -1.49063379e-01, -1.61529899e-01, -3.21259260e-01, -4.25252691e-02,
        3.36561501e-01,  1.25143543e-01, -2.29749426e-01,  6.83797598e-02,
       -1.96601395e-02, -5.81104588e-03,  1.12984389e-01,  1.98112816e-01,
       -7.54031911e-03,  4.43894193e-02, -5.33915758e-02, -4.42776121e-02,
        1.82293966e-01, -2.64878869e-02, -8.05818066e-02,  2.50142515e-01,
       -3.57848369e-02,  9.86754969e-02,  3.02640349e-02, -3.21382955e-02,
       -4.46459278e-02,  2.42239702e-03, -1.09725699e-01, -3.25707681e-02,
       -5.18516265e-03, -2.46384963e-02,  9.45042353e-03,  1.09662853e-01,
       -9.78659317e-02,  9.21802446e-02, -2.70245597e-03,  1.33166477e-01,
       -3.28585692e-02,  3.10527980e-02, -1.06534466e-01, -4.34732884e-02,
        1.07964918e-01, -2.57151008e-01,  2.97811806e-01,  1.78245857e-01,
        7.03803822e-02,  8.56473818e-02,  1.18686326e-01,  4.27757092e-02,
        6.70840964e-04, -1.50609110e-03, -1.63279444e-01, -3.92035618e-02,
        8.40922818e-02, -7.28972331e-02,  1.37901187e-01,  9.44127515e-03])]","[array([-9.43426117e-02,  1.44879639e-01,  3.44919115e-02, -2.95292120e-02,
       -1.00001939e-01, -5.38112931e-02, -5.62151447e-02, -1.34286106e-01,
        9.73879471e-02, -1.14579350e-01,  2.28394002e-01, -5.34310825e-02,
       -2.06666932e-01, -1.65878102e-01, -6.60249311e-03,  1.92130834e-01,
       -1.77659988e-01, -1.35126725e-01, -5.39299287e-02,  1.32339848e-02,
        6.51910752e-02, -3.88051383e-02,  1.84787288e-02,  3.87575477e-02,
       -8.54378194e-02, -3.46215487e-01, -6.04597479e-02, -6.23559654e-02,
        7.17854947e-02, -7.75518641e-02, -2.31031217e-02,  3.07547823e-02,
       -1.65201277e-01, -2.95700636e-02,  1.44277280e-02,  4.87082601e-02,
       -9.57761705e-03, -5.04708849e-02,  1.60973340e-01, -3.97580117e-02,
       -2.44565278e-01,  3.24675404e-02, -8.43203999e-03,  2.36812830e-01,
        1.80717066e-01,  4.37261388e-02,  5.42044863e-02, -1.44638002e-01,
        1.06987596e-01, -1.07822813e-01,  1.93095095e-02,  1.21654317e-01,
        6.15721010e-02,  4.83189523e-02, -1.10647185e-02, -1.83873236e-01,
        2.70889048e-03,  1.01023227e-01, -1.72850698e-01, -6.77020103e-03,
        7.14126900e-02, -3.99759673e-02, -3.68121527e-02, -1.22362025e-01,
        2.61520058e-01,  8.02897885e-02, -1.58964992e-01, -1.75910696e-01,
        1.47433802e-01, -1.69636920e-01, -5.02481647e-02,  3.46669443e-02,
       -1.32952496e-01, -1.43076584e-01, -2.93928772e-01, -2.31408570e-02,
        3.13765049e-01,  1.43989265e-01, -2.22937137e-01,  1.48072839e-04,
       -5.70867397e-02,  3.35467644e-02,  1.15776502e-01,  1.77412882e-01,
       -3.47226709e-02,  4.25777920e-02, -2.61051524e-02, -5.21704108e-02,
        1.77514970e-01, -1.88044142e-02, -6.57148585e-02,  2.22196907e-01,
        1.06303077e-02,  6.51055425e-02,  1.60768116e-03, -6.66260868e-02,
       -4.42696996e-02,  1.50679285e-02, -9.17654112e-02, -5.39052580e-03,
       -3.51983272e-02, -8.54566023e-02,  9.54028033e-03,  1.07893661e-01,
       -1.28485247e-01,  1.77107230e-01,  3.25900614e-02,  1.32516205e-01,
        1.49687100e-02,  7.04525709e-02, -9.85516757e-02, -6.07403778e-02,
        1.18576713e-01, -2.50561565e-01,  2.80525267e-01,  2.04046056e-01,
        1.18070453e-01,  1.05127029e-01,  1.42546535e-01,  1.01500034e-01,
       -5.73237427e-03, -2.28670985e-03, -1.70018718e-01, -1.39102507e-02,
        9.36050937e-02, -1.03876941e-01,  1.30223989e-01,  1.60899591e-02])]","[array([-1.13424428e-01,  1.52132899e-01,  4.07396210e-03, -7.84932170e-03,
       -8.30436870e-02, -1.10829584e-01, -7.53799528e-02, -1.87505171e-01,
        1.26769274e-01, -7.70876035e-02,  2.46031404e-01, -2.52236016e-02,
       -1.94396853e-01, -1.45766631e-01, -4.93045002e-02,  1.87891424e-01,
       -2.37541199e-01, -1.61796167e-01, -8.08658078e-05, -1.16972439e-02,
        8.54995698e-02, -3.78284529e-02,  1.44419903e-02,  5.46513945e-02,
       -6.86989725e-02, -3.21905136e-01, -8.35991874e-02, -8.50440711e-02,
        6.40264973e-02, -3.24995443e-02, -2.02913992e-02,  6.47167489e-02,
       -1.76057190e-01, -7.83521757e-02,  7.11724088e-02,  4.90829572e-02,
       -6.43580453e-03, -3.67353298e-02,  2.03627974e-01, -2.26973966e-02,
       -1.81658864e-01,  4.52904180e-02,  2.88163740e-02,  2.69444764e-01,
        1.98920980e-01,  3.99578884e-02,  3.97390611e-02, -1.62053987e-01,
        1.15035936e-01, -1.08612731e-01,  1.32306479e-03,  1.78249240e-01,
        1.07648522e-01,  6.30642101e-02,  9.18086246e-03, -1.73104525e-01,
        2.03755908e-02,  3.45182791e-02, -1.64504215e-01,  1.34052671e-02,
        8.56731907e-02, -6.53949380e-02, -3.23077664e-02, -1.15706138e-01,
        2.70707667e-01,  5.55193573e-02, -1.52865842e-01, -1.78318962e-01,
        1.34190515e-01, -1.57931671e-01, -1.21522382e-01,  1.94296297e-02,
       -1.56142592e-01, -1.52924687e-01, -3.23173642e-01, -3.53532806e-02,
        3.26929450e-01,  1.22930430e-01, -2.26283371e-01,  7.79573843e-02,
       -3.41763273e-02, -1.03256814e-02,  9.78321880e-02,  2.02652499e-01,
       -2.76222937e-02,  5.11336997e-02, -4.37314436e-02, -5.19427061e-02,
        1.77773982e-01, -2.07060799e-02, -9.29352492e-02,  2.32709348e-01,
       -2.50810049e-02,  1.12200037e-01,  3.34426090e-02, -3.15697789e-02,
       -3.27118747e-02,  3.65448650e-04, -1.12027317e-01, -2.57068332e-02,
       -1.41745936e-02, -3.93820591e-02,  7.94715714e-03,  1.11944318e-01,
       -1.00934267e-01,  1.06092364e-01,  1.25386706e-03,  1.37565434e-01,
       -3.22525948e-02,  3.96348573e-02, -1.14288442e-01, -5.25258183e-02,
        1.03231147e-01, -2.53399342e-01,  3.15519303e-01,  1.78708106e-01,
        7.83634633e-02,  8.41601044e-02,  1.27488703e-01,  5.45329750e-02,
       -4.26072534e-03,  3.34436260e-03, -1.53594017e-01, -3.90916355e-02,
        6.97539523e-02, -7.40815401e-02,  1.22342266e-01,  1.49128065e-02])]","[array([-0.12869757,  0.15713608,  0.02915662, -0.00950001, -0.07455166,
       -0.10838588, -0.08013646, -0.18951248,  0.12257641, -0.09894313,
        0.25186044, -0.03586755, -0.19977647, -0.14392316, -0.05140023,
        0.19673707, -0.22937486, -0.16768894,  0.00565317, -0.01949573,
        0.08775905, -0.05568436,  0.00344787,  0.05095867, -0.06769605,
       -0.31452855, -0.08320543, -0.09593295,  0.06786244, -0.03126147,
       -0.04358494,  0.05545365, -0.16928592, -0.06244268,  0.05457974,
        0.03894658,  0.00532357, -0.01326623,  0.20832556, -0.0207844 ,
       -0.18000394,  0.03468961,  0.01685052,  0.26867601,  0.20121692,
        0.03709155,  0.03920752, -0.14404675,  0.10462429, -0.11759637,
        0.00361597,  0.17649448,  0.1380295 ,  0.05811199,  0.01733966,
       -0.17236251,  0.00651955,  0.01973758, -0.14770873,  0.02847604,
        0.09536958, -0.08147062, -0.04042313, -0.1114772 ,  0.29531467,
        0.05047763, -0.16447054, -0.15954098,  0.15237294, -0.13666564,
       -0.10867155,  0.00773024, -0.15487403, -0.14620253, -0.30697843,
       -0.02452898,  0.33157533,  0.13395728, -0.24394406,  0.08644201,
       -0.06205424, -0.01126206,  0.09532943,  0.19833034, -0.0234318 ,
        0.05826136, -0.03710586, -0.05312116,  0.16323197, -0.03699275,
       -0.07404494,  0.23259316, -0.02904881,  0.12332166,  0.01532437,
       -0.05483361, -0.02962666, -0.01021424, -0.10570102, -0.02647087,
       -0.03180763, -0.03642652,  0.01162899,  0.10103033, -0.10455889,
        0.10032599,  0.00703251,  0.13782695, -0.04080402,  0.05686007,
       -0.11444251, -0.05767222,  0.09718913, -0.25708386,  0.30228877,
        0.182192  ,  0.07713649,  0.07948112,  0.13659254,  0.04988419,
        0.01714921,  0.00102321, -0.14826083, -0.03721388,  0.08080605,
       -0.08474747,  0.11454032,  0.02583815])]","[array([-0.10909694,  0.16087291,  0.03895744, -0.01211526, -0.09961148,
       -0.09189069, -0.08539912, -0.18065204,  0.10857456, -0.09102902,
        0.25498584, -0.03933875, -0.19084111, -0.12823464, -0.05540295,
        0.19578932, -0.22528131, -0.15647811,  0.00282035, -0.01580174,
        0.10251307, -0.0610557 ,  0.00690578,  0.03774506, -0.07475171,
       -0.33277315, -0.0837994 , -0.08613796,  0.06804924, -0.02264214,
       -0.03265772,  0.06177033, -0.17833599, -0.06239319,  0.04715172,
        0.03203913, -0.00103644, -0.01400716,  0.19722903, -0.02564093,
       -0.18688962,  0.04821228,  0.02820382,  0.25685117,  0.20585942,
        0.02967636,  0.06376182, -0.13498636,  0.08111968, -0.11381096,
       -0.00089071,  0.1681017 ,  0.11753444,  0.06261045,  0.0206721 ,
       -0.16123034, -0.00150368,  0.04027448, -0.13258909,  0.04569717,
        0.10028946, -0.08662592, -0.04394744, -0.12505209,  0.28919959,
        0.0449346 , -0.15878046, -0.16927134,  0.14906043, -0.12635942,
       -0.11690941,  0.00903783, -0.15723106, -0.14220339, -0.31858358,
       -0.02492736,  0.34546927,  0.13531543, -0.24475443,  0.08442014,
       -0.05832716, -0.00389224,  0.09882211,  0.19340508, -0.00810301,
        0.06325234, -0.03837646, -0.03947635,  0.16857629, -0.03776645,
       -0.07277758,  0.24305512, -0.03202652,  0.11804175,  0.01336894,
       -0.0393685 , -0.03052732, -0.00984935, -0.11592822, -0.02976055,
       -0.03126714, -0.04899321,  0.00722413,  0.09928824, -0.10725912,
        0.10048883, -0.00318141,  0.14791778, -0.04290178,  0.05474635,
       -0.11409116, -0.040714  ,  0.11069131, -0.25711557,  0.29394266,
        0.19326404,  0.07720377,  0.07399334,  0.15258393,  0.04499045,
        0.01716122, -0.00912615, -0.15859212, -0.03390286,  0.06741332,
       -0.08731044,  0.10900447,  0.035081  ])]","[array([-0.09552634,  0.15499991,  0.02429169, -0.0133758 , -0.09358652,
       -0.09660352, -0.07060161, -0.17646179,  0.12072644, -0.09661337,
        0.26222724, -0.03823715, -0.18688144, -0.1442962 , -0.05147181,
        0.19476759, -0.23961723, -0.15422849, -0.00174709, -0.01276967,
        0.10828369, -0.05842387,  0.01734653,  0.03247879, -0.07711514,
       -0.34011883, -0.08815883, -0.09894989,  0.07473801, -0.02905484,
       -0.02032139,  0.05689856, -0.18720627, -0.07168427,  0.04715307,
        0.03534654, -0.00767775, -0.02091792,  0.20925103, -0.01896027,
       -0.19070593,  0.0469504 ,  0.01731554,  0.25753284,  0.20083579,
        0.02115058,  0.05807354, -0.15203264,  0.1002216 , -0.11061685,
        0.00891546,  0.16478275,  0.11744408,  0.06921744,  0.02440871,
       -0.15072358,  0.0064461 ,  0.04402204, -0.13831833,  0.02480778,
        0.09603117, -0.07467133, -0.03018379, -0.11938652,  0.28691533,
        0.0305206 , -0.15198606, -0.16336045,  0.15760241, -0.12309119,
       -0.11056617,  0.0117046 , -0.15260825, -0.14420952, -0.31928021,
       -0.01577152,  0.35533062,  0.1263569 , -0.24164201,  0.07911909,
       -0.06614041, -0.02165906,  0.10197587,  0.20567006, -0.00107323,
        0.06849095, -0.03945852, -0.03102338,  0.1688633 , -0.05446234,
       -0.06958855,  0.2462188 , -0.03049622,  0.12805891,  0.02106442,
       -0.05028821, -0.04104703,  0.00421373, -0.12190623, -0.02478492,
       -0.02940786, -0.0417605 , -0.00141845,  0.10175054, -0.09674026,
        0.10051243,  0.00473024,  0.12768136, -0.04358276,  0.03898197,
       -0.11157335, -0.05504131,  0.10445715, -0.25294074,  0.2961483 ,
        0.18329306,  0.0775848 ,  0.08451205,  0.14732948,  0.04821882,
        0.01430789, -0.01606171, -0.17285305, -0.01911977,  0.07639155,
       -0.07123604,  0.09885067,  0.02052331])]",[array(0)],"[array([-0.06126682,  0.14746282, -0.02297369, -0.05224775, -0.09808639,
       -0.07865275, -0.0997632 , -0.12300602,  0.13639262, -0.11434945,
        0.27915543, -0.03910964, -0.18449096, -0.15213828, -0.03334016,
        0.18290102, -0.25167692, -0.17856534,  0.03759714,  0.01098948,
        0.14912167, -0.05173093, -0.01790465,  0.06352611, -0.11984733,
       -0.31403109, -0.09268202, -0.09217227,  0.10928242, -0.0597073 ,
       -0.02288397,  0.00125717, -0.22417922, -0.06204829,  0.0532741 ,
        0.03713366,  0.0159013 , -0.07172111,  0.21031339, -0.03126209,
       -0.23129053,  0.05885061,  0.01515571,  0.23017043,  0.13805473,
        0.02191082,  0.04154878, -0.17135175,  0.12127679, -0.0941548 ,
        0.02994272,  0.18461715,  0.10966696,  0.05802949, -0.01183819,
       -0.17537899,  0.01411349,  0.10427146, -0.17053673,  0.01023738,
        0.04654795, -0.03292288,  0.0061665 , -0.13700944,  0.26566157,
        0.04056733, -0.13210249, -0.21566534,  0.16122502, -0.13385502,
       -0.10718641,  0.0651338 , -0.14697936, -0.14611778, -0.3203254 ,
       -0.02135709,  0.33508256,  0.10210931, -0.22132775,  0.09583363,
       -0.03939889, -0.03687344,  0.09214783,  0.19512157,  0.00083403,
        0.06156912, -0.0461959 , -0.01241883,  0.22698699, -0.05676173,
       -0.04678612,  0.2102228 , -0.03048447,  0.121883  ,  0.02314306,
       -0.03154347, -0.06079092,  0.01042935, -0.08391476, -0.0058405 ,
       -0.02445106, -0.04657756, -0.03264521,  0.15036459, -0.1242703 ,
        0.07696261,  0.01559768,  0.06320515, -0.04525424,  0.07473835,
       -0.0919509 , -0.08848314,  0.09152092, -0.25733399,  0.32707959,
        0.17734525,  0.1047466 ,  0.0885839 ,  0.12738958,  0.0588747 ,
       -0.00085186, -0.04139933, -0.202344  , -0.0285655 ,  0.07470617,
       -0.08357914,  0.11328413, -0.01287446])]","[array([-0.064055  ,  0.14991644, -0.02359387, -0.05150552, -0.09600116,
       -0.07199123, -0.10699456, -0.12071388,  0.13874736, -0.12598063,
        0.25973704, -0.03431442, -0.18708257, -0.13719662, -0.03704284,
        0.19313684, -0.23898314, -0.18291396,  0.02826482,  0.01413252,
        0.16187127, -0.04678135, -0.01964279,  0.06148485, -0.10712488,
       -0.31520081, -0.08774286, -0.08107849,  0.10624649, -0.05412354,
       -0.02154341, -0.01173687, -0.22817902, -0.05171669,  0.04824728,
        0.04644617,  0.01332266, -0.07243887,  0.22003405, -0.02435302,
       -0.25011677,  0.07115997,  0.00926134,  0.21444806,  0.13686952,
        0.02190553,  0.05251322, -0.17483518,  0.12159333, -0.10308203,
        0.02596024,  0.18929009,  0.11655238,  0.04935745, -0.00438511,
       -0.17454629,  0.01507264,  0.09348892, -0.15911476,  0.01125511,
        0.05990483, -0.03347648,  0.01730252, -0.13036157,  0.25603467,
        0.0300119 , -0.13345036, -0.20763822,  0.15918022, -0.13199794,
       -0.1017225 ,  0.06825305, -0.1346267 , -0.15197863, -0.31626147,
       -0.02446091,  0.35728484,  0.10297912, -0.21295708,  0.10838465,
       -0.04388753, -0.0386314 ,  0.09693027,  0.19040549,  0.00158838,
        0.0626714 , -0.04608567, -0.00459374,  0.24349295, -0.05570983,
       -0.04505967,  0.20478383, -0.02780869,  0.13217103,  0.01300457,
       -0.02276358, -0.05270638,  0.00977163, -0.07201979,  0.00565505,
       -0.0314533 , -0.05216867, -0.03088961,  0.13329005, -0.12748139,
        0.07789341,  0.00974825,  0.06415559, -0.05229023,  0.09005539,
       -0.11027967, -0.06959109,  0.09170241, -0.25440776,  0.33117235,
        0.17968598,  0.08923829,  0.08311082,  0.14653483,  0.06254764,
        0.00850512, -0.04779079, -0.20788009, -0.04638431,  0.07309725,
       -0.07572909,  0.12675567, -0.00219822])]","[array([-0.04849366,  0.12949233, -0.00325917, -0.03602329, -0.10990103,
       -0.06198807, -0.11691121, -0.10633267,  0.14000501, -0.10713569,
        0.26407892,  0.0122604 , -0.17307791, -0.15843777, -0.0251801 ,
        0.19601269, -0.24940786, -0.1899548 ,  0.03950005,  0.00608099,
        0.15221485, -0.04031307, -0.00664038,  0.03012894, -0.13121451,
       -0.33587563, -0.08704261, -0.07657815,  0.10123847, -0.07234331,
       -0.00447786,  0.01785164, -0.22937199, -0.03346228,  0.0500704 ,
        0.05352714,  0.02108109, -0.06068103,  0.19875887, -0.01630826,
       -0.24340309,  0.06896496, -0.01534359,  0.21499367,  0.15979347,
        0.0110506 ,  0.05167503, -0.1523647 ,  0.11638961, -0.10288888,
        0.02242895,  0.19211572,  0.09474479,  0.053829  , -0.01084842,
       -0.14724699,  0.01516671,  0.09645987, -0.1643582 , -0.00310048,
        0.05458389, -0.05118812,  0.01489337, -0.13017775,  0.23064549,
        0.02102331, -0.12278174, -0.22289088,  0.13692802, -0.13257845,
       -0.11479828,  0.05477121, -0.14851074, -0.14508712, -0.33765399,
       -0.02622753,  0.33732799,  0.09329411, -0.23110563,  0.09397862,
       -0.02795364, -0.02723783,  0.09083815,  0.17020257,  0.00745967,
        0.05931172, -0.06671178, -0.00711855,  0.2375433 , -0.05020124,
       -0.0458401 ,  0.20530251, -0.03591379,  0.13441183,  0.02197364,
       -0.01164903, -0.04056088,  0.02160776, -0.07995716, -0.0018863 ,
       -0.0366915 , -0.0444386 , -0.03181924,  0.13759466, -0.10511482,
        0.09747416,  0.00241711,  0.07868593, -0.05309353,  0.07729083,
       -0.12147097, -0.07892547,  0.09753956, -0.24577031,  0.33447891,
        0.19866893,  0.0866868 ,  0.08273455,  0.13447653,  0.06620692,
       -0.03382687, -0.04578612, -0.19950823, -0.03456284,  0.05830503,
       -0.08150373,  0.10840662, -0.00512984])]","[array([-7.42534995e-02,  1.41881481e-01,  1.59060583e-05, -3.92709635e-02,
       -1.32578865e-01, -5.95541857e-02, -1.05830669e-01, -1.51059136e-01,
        1.20980963e-01, -1.01732962e-01,  2.79062390e-01,  1.68945231e-02,
       -1.95683226e-01, -1.41474679e-01, -2.89711505e-02,  1.88152313e-01,
       -2.64085621e-01, -1.59951314e-01,  4.18125279e-03,  3.29948310e-03,
        1.12329632e-01, -4.17916700e-02,  2.89818738e-04,  2.45053265e-02,
       -8.63708258e-02, -3.51133466e-01, -7.40807950e-02, -7.51999617e-02,
        8.31930488e-02, -4.08459380e-02, -2.56935470e-02,  3.24680880e-02,
       -2.21347496e-01, -9.21830833e-02,  7.30610713e-02,  8.93868729e-02,
       -2.43512020e-02, -3.42809036e-02,  1.86738223e-01,  1.64864212e-03,
       -2.09991723e-01,  7.29981661e-02,  7.70409126e-03,  2.45259181e-01,
        1.93184197e-01,  3.93763371e-02,  6.37329221e-02, -1.48972660e-01,
        1.38601840e-01, -1.45797804e-01,  2.04687566e-02,  1.75499976e-01,
        1.43326029e-01,  7.84786791e-02,  9.51098558e-03, -1.48934156e-01,
        2.49862671e-02,  5.17387763e-02, -1.65195033e-01,  8.89641978e-03,
        9.57745686e-02, -7.20955953e-02,  8.69539659e-03, -1.17972903e-01,
        2.60832876e-01,  3.46214548e-02, -1.47333115e-01, -1.98646411e-01,
        1.15905836e-01, -1.30644798e-01, -1.52802557e-01,  2.78089233e-02,
       -1.43556386e-01, -1.49775118e-01, -3.51312697e-01, -8.50139186e-03,
        3.64424556e-01,  1.28397644e-01, -2.34777346e-01,  5.95454611e-02,
       -3.62378918e-02, -4.39278260e-02,  8.09820667e-02,  2.01404124e-01,
        1.56635176e-02,  7.73778930e-02, -5.69666699e-02, -9.34244599e-03,
        2.07630485e-01, -6.67852908e-02, -6.70395121e-02,  2.40495875e-01,
       -2.38396227e-02,  1.55230820e-01,  3.33296321e-02,  1.78868230e-02,
       -6.17257878e-02,  1.37158316e-02, -1.12362079e-01, -2.42341869e-02,
       -1.51886009e-02, -3.00710108e-02,  5.77790570e-03,  1.13120317e-01,
       -9.14396048e-02,  1.29753962e-01, -3.72684784e-02,  1.07600234e-01,
       -5.25836311e-02,  1.96036212e-02, -1.10941418e-01, -5.61598986e-02,
        9.42266062e-02, -2.57203788e-01,  3.27687234e-01,  2.07242697e-01,
        6.63975850e-02,  8.35364908e-02,  1.49245769e-01,  2.46789902e-02,
        2.22537853e-03, -2.58155689e-02, -1.78453475e-01, -7.58971721e-02,
        4.63196822e-02, -6.20015450e-02,  1.10676676e-01,  1.31083839e-03])]","[array([-8.85295048e-02,  1.52827725e-01,  8.94592609e-04, -3.22289951e-02,
       -1.15650088e-01, -8.07409063e-02, -1.12934887e-01, -1.66351825e-01,
        1.24279670e-01, -9.42141861e-02,  2.72942513e-01, -2.96663819e-03,
       -2.02152088e-01, -1.47696272e-01, -4.29304019e-02,  1.87907681e-01,
       -2.52583593e-01, -1.69472709e-01,  2.41584647e-02, -4.34926338e-03,
        1.17558062e-01, -4.13475186e-02,  5.61209302e-03,  4.59732227e-02,
       -8.46574455e-02, -3.28988194e-01, -7.95369074e-02, -9.19643715e-02,
        7.11110160e-02, -2.90034208e-02, -3.04288957e-02,  3.58249284e-02,
       -2.10941657e-01, -7.43630454e-02,  6.51607141e-02,  8.10858384e-02,
        6.43714448e-04, -3.18003893e-02,  1.96719050e-01, -1.92065127e-02,
       -2.01627940e-01,  6.49904385e-02,  2.56383102e-02,  2.40654603e-01,
        1.90055490e-01,  2.07687654e-02,  6.20632395e-02, -1.51544675e-01,
        1.14656150e-01, -1.15339637e-01,  1.32012153e-02,  1.77547097e-01,
        1.48793459e-01,  5.70791103e-02,  1.48526020e-02, -1.67748466e-01,
        8.75041634e-03,  5.48506156e-02, -1.51081055e-01,  1.46726929e-02,
        8.56818184e-02, -7.30101913e-02, -1.38895987e-02, -1.19358420e-01,
        2.79113352e-01,  4.29292955e-02, -1.51342690e-01, -1.91707551e-01,
        1.29599079e-01, -1.35661438e-01, -1.46277100e-01,  3.83006036e-02,
       -1.52423695e-01, -1.42926872e-01, -3.44170481e-01, -1.43354591e-02,
        3.53584170e-01,  1.15545452e-01, -2.47381389e-01,  8.89445543e-02,
       -2.76752096e-02, -2.85966843e-02,  8.43442231e-02,  2.06406251e-01,
        2.04168260e-04,  8.22092816e-02, -6.66642562e-02, -2.02323347e-02,
        1.97626635e-01, -5.56127876e-02, -6.38573617e-02,  2.25983679e-01,
       -2.53906846e-02,  1.48702726e-01,  3.73107828e-02, -6.75755134e-03,
       -4.32560518e-02, -7.75184995e-03, -1.16903983e-01, -2.35565826e-02,
       -2.51757018e-02, -3.47044840e-02, -8.96661542e-03,  1.03617921e-01,
       -8.96842703e-02,  8.17092508e-02, -1.75361633e-02,  9.41270888e-02,
       -6.65309578e-02,  3.58047113e-02, -1.02990128e-01, -5.59087694e-02,
        9.93920490e-02, -2.58462787e-01,  3.19122314e-01,  1.79746658e-01,
        6.62145093e-02,  8.96861032e-02,  1.44853055e-01,  4.42884862e-02,
       -1.55670010e-03, -2.60384157e-02, -1.62033781e-01, -6.14623316e-02,
        5.74694164e-02, -7.15489089e-02,  1.29268587e-01,  6.63470151e-03])]","[array([-7.70808905e-02,  1.45107985e-01, -6.79090014e-03, -2.38985978e-02,
       -1.17483035e-01, -7.49000460e-02, -1.09168656e-01, -1.67593166e-01,
        1.29278839e-01, -9.39841345e-02,  2.69105583e-01, -8.93925317e-04,
       -1.95891380e-01, -1.43177897e-01, -4.07035947e-02,  1.89188614e-01,
       -2.53270954e-01, -1.73122957e-01,  1.79265812e-02,  5.70346601e-03,
        1.10273279e-01, -5.13904095e-02,  5.74549427e-03,  4.34596352e-02,
       -7.43263438e-02, -3.41674209e-01, -8.06136727e-02, -9.17932838e-02,
        7.54450560e-02, -4.25998084e-02, -2.67529003e-02,  3.38672958e-02,
       -2.14928523e-01, -7.83417821e-02,  6.80747777e-02,  8.33616108e-02,
       -8.06405209e-03, -3.37723270e-02,  1.94960326e-01, -1.41112208e-02,
       -2.06272811e-01,  7.24687204e-02,  1.34978406e-02,  2.41283804e-01,
        1.91348895e-01,  3.28760147e-02,  5.48781455e-02, -1.47154585e-01,
        1.13001570e-01, -1.21242434e-01,  5.50790410e-03,  1.76522046e-01,
        1.38667122e-01,  6.17188923e-02,  9.89206694e-03, -1.59333557e-01,
        1.75868049e-02,  4.14434560e-02, -1.59525439e-01,  1.93417873e-02,
        9.47005600e-02, -7.94820264e-02, -7.23070651e-03, -1.14456482e-01,
        2.79279947e-01,  3.70502807e-02, -1.49994761e-01, -1.88387007e-01,
        1.25353277e-01, -1.42914325e-01, -1.40591115e-01,  3.26586403e-02,
       -1.45103976e-01, -1.50932118e-01, -3.38545173e-01, -1.61345899e-02,
        3.63261759e-01,  1.19452909e-01, -2.45724544e-01,  7.73531795e-02,
       -2.86339168e-02, -2.67582852e-02,  8.48327801e-02,  2.02623263e-01,
        8.77630524e-03,  7.61324242e-02, -6.91673309e-02, -2.62567513e-02,
        2.01397523e-01, -5.18428497e-02, -6.65469170e-02,  2.28993922e-01,
       -3.60437892e-02,  1.47671640e-01,  3.73879932e-02, -1.74147717e-04,
       -4.10117134e-02, -4.13507083e-03, -1.15488335e-01, -2.45037321e-02,
       -2.65069026e-02, -3.87417041e-02, -7.50216562e-03,  1.01448901e-01,
       -8.41994733e-02,  8.95909965e-02, -2.50837840e-02,  9.92094725e-02,
       -5.95626011e-02,  4.21224758e-02, -1.14253931e-01, -5.76334372e-02,
        1.03741206e-01, -2.65872061e-01,  3.31033319e-01,  1.92680150e-01,
        6.98378161e-02,  8.24704394e-02,  1.39050588e-01,  4.51146513e-02,
       -5.64104039e-03, -2.51058415e-02, -1.66753352e-01, -6.98685572e-02,
        4.47673574e-02, -6.59685805e-02,  1.23493508e-01,  3.51711921e-03])]","[array([-7.44417608e-02,  1.43294394e-01, -1.07815880e-02, -2.83230711e-02,
       -1.17888346e-01, -8.05708170e-02, -1.06290698e-01, -1.68774411e-01,
        1.28451690e-01, -8.80979225e-02,  2.66802490e-01,  5.41558024e-03,
       -1.93569466e-01, -1.53717354e-01, -3.44191380e-02,  1.88040525e-01,
       -2.57036567e-01, -1.75653666e-01,  4.85920254e-03,  3.02578043e-03,
        9.96895358e-02, -4.54005189e-02,  1.54328793e-02,  4.09792550e-02,
       -8.20202008e-02, -3.50260049e-01, -7.83321857e-02, -9.01417211e-02,
        7.09012896e-02, -3.73393185e-02, -1.74317341e-02,  4.69591618e-02,
       -2.20788196e-01, -8.39406699e-02,  7.09162578e-02,  8.68475884e-02,
       -7.53339101e-03, -2.86686718e-02,  1.99257374e-01, -7.04282569e-03,
       -2.05049247e-01,  6.51000068e-02,  1.33314477e-02,  2.48069048e-01,
        1.90756723e-01,  2.18817405e-02,  6.59497976e-02, -1.42172933e-01,
        1.21145390e-01, -1.26623943e-01,  4.93117049e-03,  1.80702195e-01,
        1.33404538e-01,  6.44833371e-02,  1.30173238e-02, -1.53671846e-01,
        2.14220844e-02,  5.06893583e-02, -1.51890710e-01,  1.93643291e-02,
        9.34117734e-02, -7.48135671e-02, -1.52303604e-02, -1.18443720e-01,
        2.68783867e-01,  3.01584881e-02, -1.49680912e-01, -1.87757567e-01,
        1.10754281e-01, -1.38255268e-01, -1.43352330e-01,  3.24754603e-02,
       -1.51304573e-01, -1.49653107e-01, -3.54750127e-01, -2.29024403e-02,
        3.59590322e-01,  1.14868939e-01, -2.48807460e-01,  7.16441274e-02,
       -2.99158748e-02, -2.54660007e-02,  8.24607536e-02,  1.97925508e-01,
        3.13505903e-03,  8.77872854e-02, -7.25543126e-02, -1.74170360e-02,
        2.01487899e-01, -4.95382473e-02, -6.79974332e-02,  2.32153922e-01,
       -3.39381024e-02,  1.52942866e-01,  3.73387635e-02,  5.05722221e-03,
       -4.03226130e-02, -7.07789091e-03, -1.16626911e-01, -1.76233780e-02,
       -1.61117464e-02, -3.92946303e-02, -9.71058942e-03,  9.75277871e-02,
       -8.57321024e-02,  9.93507057e-02, -2.31903382e-02,  1.07687503e-01,
       -5.91731109e-02,  3.63509543e-02, -1.13976315e-01, -5.87584600e-02,
        1.06725037e-01, -2.56192207e-01,  3.24286103e-01,  2.00750992e-01,
        5.84010035e-02,  8.28783214e-02,  1.39749005e-01,  3.97352949e-02,
       -2.06369795e-02, -1.93261914e-02, -1.63072899e-01, -6.96565285e-02,
        4.38006893e-02, -6.16388470e-02,  1.18049666e-01,  8.63093883e-05])]"
